INSERT INTO club_iot.artists (id, name) VALUES (1, 'Eminem
');
INSERT INTO club_iot.artists (id, name) VALUES (2, 'Nightwish');
INSERT INTO club_iot.artists (id, name) VALUES (3, 'Shakira
');
INSERT INTO club_iot.artists (id, name) VALUES (4, 'RAM RIDER
');
INSERT INTO club_iot.genres (id, name) VALUES (1, 'Hip-Hop/Rap
');
INSERT INTO club_iot.genres (id, name) VALUES (2, 'Rock
');
INSERT INTO club_iot.genres (id, name) VALUES (3, 'Pop Latino
');
INSERT INTO club_iot.genres (id, name) VALUES (4, 'J-Pop
');
INSERT INTO club_iot.albums (id, name, artist_id) VALUES (1, 'The Slim Shady LP
', 1);
INSERT INTO club_iot.albums (id, name, artist_id) VALUES (2, 'Angels Fall First (Remastered)
', 2);
INSERT INTO club_iot.albums (id, name, artist_id) VALUES (3, 'Pies Descalzos
', 3);
INSERT INTO club_iot.albums (id, name, artist_id) VALUES (4, 'Kyary Pamyu Pamyu''s Ghibli Set
', 4);
INSERT INTO club_iot.songs (id, song_name, artist_id, album_id, genre_id, length) VALUES (1, 'Public Service Announcement', 1, 1, 1, '00:00:33');
INSERT INTO club_iot.songs (id, song_name, artist_id, album_id, genre_id, length) VALUES (2, 'My Name Is', 1, 1, 1, '00:04:28');
INSERT INTO club_iot.songs (id, song_name, artist_id, album_id, genre_id, length) VALUES (3, 'Guilty Conscience (feat. Dr. Dre)', 1, 1, 1, '00:03:19');
INSERT INTO club_iot.songs (id, song_name, artist_id, album_id, genre_id, length) VALUES (4, 'Brain Damage', 1, 1, 1, '00:03:46');
INSERT INTO club_iot.songs (id, song_name, artist_id, album_id, genre_id, length) VALUES (5, 'Paul (Skit)', 1, 1, 1, '00:00:15');
INSERT INTO club_iot.songs (id, song_name, artist_id, album_id, genre_id, length) VALUES (6, 'If I Had', 1, 1, 1, '00:04:05');
INSERT INTO club_iot.songs (id, song_name, artist_id, album_id, genre_id, length) VALUES (7, '97 Bonnie & Clyde', 1, 1, 1, '00:05:16');
INSERT INTO club_iot.songs (id, song_name, artist_id, album_id, genre_id, length) VALUES (8, 'Bitch (Skit)', 1, 1, 1, '00:00:19');
INSERT INTO club_iot.songs (id, song_name, artist_id, album_id, genre_id, length) VALUES (9, 'Role Model', 1, 1, 1, '00:03:25');
INSERT INTO club_iot.songs (id, song_name, artist_id, album_id, genre_id, length) VALUES (10, 'Lounge (Skit)', 1, 1, 1, '00:00:46');
INSERT INTO club_iot.songs (id, song_name, artist_id, album_id, genre_id, length) VALUES (11, 'My Fault', 1, 1, 1, '00:04:01');
INSERT INTO club_iot.songs (id, song_name, artist_id, album_id, genre_id, length) VALUES (12, 'Ken Kaniff (Skit)', 1, 1, 1, '00:01:16');
INSERT INTO club_iot.songs (id, song_name, artist_id, album_id, genre_id, length) VALUES (13, 'Cum On Everybody', 1, 1, 1, '00:03:39');
INSERT INTO club_iot.songs (id, song_name, artist_id, album_id, genre_id, length) VALUES (14, 'Rock Bottom', 1, 1, 1, '00:03:34');
INSERT INTO club_iot.songs (id, song_name, artist_id, album_id, genre_id, length) VALUES (15, 'Just Don''t Give a F**k', 1, 1, 1, '00:04:02');
INSERT INTO club_iot.songs (id, song_name, artist_id, album_id, genre_id, length) VALUES (16, 'Soap (Skit)', 1, 1, 1, '00:00:34');
INSERT INTO club_iot.songs (id, song_name, artist_id, album_id, genre_id, length) VALUES (17, 'As the World Turns', 1, 1, 1, '00:04:25');
INSERT INTO club_iot.songs (id, song_name, artist_id, album_id, genre_id, length) VALUES (18, 'I''m Shady', 1, 1, 1, '00:03:31');
INSERT INTO club_iot.songs (id, song_name, artist_id, album_id, genre_id, length) VALUES (19, 'Bad Meets Evil (feat. Royce da 5''9")', 1, 1, 1, '00:04:13');
INSERT INTO club_iot.songs (id, song_name, artist_id, album_id, genre_id, length) VALUES (20, 'Still Don''t Give a F**k', 1, 1, 1, '00:04:12');
INSERT INTO club_iot.songs (id, song_name, artist_id, album_id, genre_id, length) VALUES (21, 'Estoy Aquí', 3, 3, 3, '00:03:52');
INSERT INTO club_iot.songs (id, song_name, artist_id, album_id, genre_id, length) VALUES (22, 'Antología', 3, 3, 3, '00:04:14');
INSERT INTO club_iot.songs (id, song_name, artist_id, album_id, genre_id, length) VALUES (23, 'Un Poco de Amor', 3, 3, 3, '00:04:01');
INSERT INTO club_iot.songs (id, song_name, artist_id, album_id, genre_id, length) VALUES (24, 'Quiero', 3, 3, 3, '00:04:10');
INSERT INTO club_iot.songs (id, song_name, artist_id, album_id, genre_id, length) VALUES (25, 'Te Necesito', 3, 3, 3, '00:04:00');
INSERT INTO club_iot.songs (id, song_name, artist_id, album_id, genre_id, length) VALUES (26, 'Vuelve', 3, 3, 3, '00:03:53');
INSERT INTO club_iot.songs (id, song_name, artist_id, album_id, genre_id, length) VALUES (27, 'Te Espero Sentada', 3, 3, 3, '00:03:24');
INSERT INTO club_iot.songs (id, song_name, artist_id, album_id, genre_id, length) VALUES (28, 'Pies Descalzos, Sueños Blancos', 3, 3, 3, '00:03:25');
INSERT INTO club_iot.songs (id, song_name, artist_id, album_id, genre_id, length) VALUES (29, 'Pienso en Ti', 3, 3, 3, '00:02:25');
INSERT INTO club_iot.songs (id, song_name, artist_id, album_id, genre_id, length) VALUES (30, 'Dónde Estás Corazón', 3, 3, 3, '00:03:51');
INSERT INTO club_iot.songs (id, song_name, artist_id, album_id, genre_id, length) VALUES (31, 'Se Quiere, Se Mata', 3, 3, 3, '00:03:38');
INSERT INTO club_iot.songs (id, song_name, artist_id, album_id, genre_id, length) VALUES (32, 'Sanpo', 4, 4, 4, '00:03:33');
INSERT INTO club_iot.songs (id, song_name, artist_id, album_id, genre_id, length) VALUES (33, 'Take Me Home Country Roads', 4, 4, 4, '00:03:15');
INSERT INTO club_iot.songs (id, song_name, artist_id, album_id, genre_id, length) VALUES (34, 'Kazenotoorimichi', 4, 4, 4, '00:03:29');
INSERT INTO club_iot.songs (id, song_name, artist_id, album_id, genre_id, length) VALUES (35, 'Anonatsuhe', 4, 4, 4, '00:03:33');
INSERT INTO club_iot.songs (id, song_name, artist_id, album_id, genre_id, length) VALUES (36, 'Baronnouta', 4, 4, 4, '00:02:40');
INSERT INTO club_iot.songs (id, song_name, artist_id, album_id, genre_id, length) VALUES (37, 'Ru-Jyunodenngonn', 4, 4, 4, '00:03:13');
INSERT INTO club_iot.songs (id, song_name, artist_id, album_id, genre_id, length) VALUES (38, 'Kimiwonosete', 4, 4, 4, '00:03:03');
INSERT INTO club_iot.songs (id, song_name, artist_id, album_id, genre_id, length) VALUES (39, 'Kazeninaru', 4, 4, 4, '00:03:53');
INSERT INTO club_iot.songs (id, song_name, artist_id, album_id, genre_id, length) VALUES (40, 'Jinnseinomeri-Go-Ranndo', 4, 4, 4, '00:03:30');
INSERT INTO club_iot.songs (id, song_name, artist_id, album_id, genre_id, length) VALUES (41, 'Way Way Mega Mix', 4, 4, 4, '00:07:19');
INSERT INTO club_iot.songs (id, song_name, artist_id, album_id, genre_id, length) VALUES (42, 'Elvenpath', 2, 2, 2, '00:04:37');
INSERT INTO club_iot.songs (id, song_name, artist_id, album_id, genre_id, length) VALUES (43, 'Beauty and the Beast', 2, 2, 2, '00:06:22');
INSERT INTO club_iot.songs (id, song_name, artist_id, album_id, genre_id, length) VALUES (44, 'The Carpenter', 2, 2, 2, '00:05:55');
INSERT INTO club_iot.songs (id, song_name, artist_id, album_id, genre_id, length) VALUES (45, 'Astral Romance', 2, 2, 2, '00:05:10');
INSERT INTO club_iot.songs (id, song_name, artist_id, album_id, genre_id, length) VALUES (46, 'Angels Fall First', 2, 2, 2, '00:05:34');
INSERT INTO club_iot.songs (id, song_name, artist_id, album_id, genre_id, length) VALUES (47, 'Tutankhamen', 2, 2, 2, '00:05:29');
INSERT INTO club_iot.songs (id, song_name, artist_id, album_id, genre_id, length) VALUES (48, 'Nymphomaniac Fantasia', 2, 2, 2, '00:04:45');
INSERT INTO club_iot.songs (id, song_name, artist_id, album_id, genre_id, length) VALUES (49, 'Know Why the Nightingale Sings', 2, 2, 2, '00:04:13');
INSERT INTO club_iot.songs (id, song_name, artist_id, album_id, genre_id, length) VALUES (50, 'Lappi, Pt. 1: Erämaajärvi', 2, 2, 2, '00:02:15');
INSERT INTO club_iot.songs (id, song_name, artist_id, album_id, genre_id, length) VALUES (51, 'Lappi, Pt. 2: Witchdrums', 2, 2, 2, '00:01:18');
INSERT INTO club_iot.songs (id, song_name, artist_id, album_id, genre_id, length) VALUES (52, 'Lappi, Pt. 3: This Moment Is Eternity', 2, 2, 2, '00:03:12');
INSERT INTO club_iot.songs (id, song_name, artist_id, album_id, genre_id, length) VALUES (53, 'Lappi, Pt. 4: Etiäinen', 2, 2, 2, '00:02:33');
INSERT INTO club_iot.songs (id, song_name, artist_id, album_id, genre_id, length) VALUES (54, 'Return to the Sea', 2, 2, 2, '00:05:46');
INSERT INTO club_iot.songs (id, song_name, artist_id, album_id, genre_id, length) VALUES (55, 'Nightwish (Demo 1997)', 2, 2, 2, '00:05:49');
INSERT INTO club_iot.songs (id, song_name, artist_id, album_id, genre_id, length) VALUES (56, 'The Forever Moments (Demo 1997)', 2, 2, 2, '00:05:36');
INSERT INTO club_iot.songs (id, song_name, artist_id, album_id, genre_id, length) VALUES (57, 'Etiäinen (Demo 1997)', 2, 2, 2, '00:02:59');